<?xml version="1.0" encoding="UTF-8"?>
<project-private xmlns="http://www.netbeans.org/ns/project-private/1">
    <editor-bookmarks xmlns="http://www.netbeans.org/ns/editor-bookmarks/2" lastBookmarkId="0"/>
    <open-files xmlns="http://www.netbeans.org/ns/projectui-open-files/2">
        <group>
            <file>file:/C:/wampam64/www/boutiqueEnLigne/index.php</file>
            <file>file:/C:/wampam64/www/boutiqueEnLigne/skin/screen.css</file>
            <file>file:/C:/wampam64/www/boutiqueEnLigne/src/model/article/Article.php</file>
            <file>file:/C:/wampam64/www/boutiqueEnLigne/src/view/View.php</file>
            <file>file:/C:/wampam64/www/boutiqueEnLigne/src/model/article/ArticleList.php</file>
            <file>file:/C:/wampam64/www/boutiqueEnLigne/src/Router.php</file>
            <file>file:/C:/wampam64/www/boutiqueEnLigne/src/view/squelette.php</file>
            <file>file:/C:/wampam64/www/boutiqueEnLigne/src/lib/SqlTool.php</file>
            <file>file:/C:/wampam64/www/boutiqueEnLigne/src/model/article/ArticleStorage.php</file>
            <file>file:/C:/wampam64/www/boutiqueEnLigne/src/lib/defineDB.php</file>
        </group>
    </open-files>
</project-private>
